{"stats":{"minecraft:crafted":{"minecraft:cooked_porkchop":3,"minecraft:crafting_table":1,"minecraft:spruce_planks":52,"minecraft:stick":8,"minecraft:spruce_button":28,"minecraft:wooden_pickaxe":1,"minecraft:stone_pickaxe":1,"minecraft:furnace":1,"minecraft:torch":4,"minecraft:cooked_mutton":2,"minecraft:air":0},"minecraft:picked_up":{"minecraft:raw_iron":4,"minecraft:crafting_table":2,"minecraft:porkchop":3,"minecraft:spruce_sapling":2,"minecraft:spruce_log":13,"minecraft:mossy_cobblestone":1,"minecraft:dirt":1,"minecraft:mutton":2,"minecraft:coal":15,"minecraft:white_wool":2,"minecraft:cobblestone":34,"minecraft:furnace":1},"minecraft:custom":{"minecraft:time_since_rest":34919,"minecraft:interact_with_furnace":6,"minecraft:sprint_one_cm":52475,"minecraft:damage_taken":110,"minecraft:walk_one_cm":41293,"minecraft:mob_kills":3,"minecraft:drop":3,"minecraft:damage_dealt":280,"minecraft:interact_with_crafting_table":3,"minecraft:fly_one_cm":85522,"minecraft:crouch_one_cm":585,"minecraft:play_time":34919,"minecraft:sneak_time":437,"minecraft:jump":333,"minecraft:leave_game":1,"minecraft:time_since_death":34919,"minecraft:total_world_time":34919,"minecraft:fall_one_cm":8338},"minecraft:used":{"minecraft:stone_pickaxe":52,"minecraft:wooden_pickaxe":5,"minecraft:cobblestone":10,"minecraft:crafting_table":2,"minecraft:furnace":1,"minecraft:cooked_porkchop":2},"minecraft:dropped":{"minecraft:mossy_cobblestone":1,"minecraft:spruce_button":28,"minecraft:spruce_sapling":1},"minecraft:mined":{"minecraft:furnace":1,"minecraft:mossy_cobblestone":1,"minecraft:iron_ore":4,"minecraft:spruce_log":14,"minecraft:crafting_table":2,"minecraft:grass_block":1,"minecraft:coal_ore":15,"minecraft:spruce_leaves":11,"minecraft:stone":35,"minecraft:fern":2},"minecraft:killed":{"minecraft:sheep":1,"minecraft:pig":1}},"DataVersion":3955}