{"stats":{"minecraft:crafted":{"minecraft:oak_planks":108,"minecraft:stone_shovel":2,"minecraft:cooked_porkchop":2,"minecraft:crafting_table":3,"minecraft:wooden_pickaxe":1,"minecraft:furnace":1,"minecraft:bucket":1,"minecraft:stone_axe":1,"minecraft:bread":123,"minecraft:air":0,"minecraft:stick":20,"minecraft:iron_ingot":3,"minecraft:stone_pickaxe":2,"minecraft:stone_sword":1,"minecraft:torch":4,"minecraft:wheat":369},"minecraft:picked_up":{"minecraft:stripped_oak_log":16,"minecraft:crafting_table":6,"minecraft:andesite":5,"minecraft:leather":3,"minecraft:wooden_pickaxe":1,"minecraft:oak_stairs":2,"minecraft:oak_log":11,"minecraft:yellow_bed":4,"minecraft:dirt":241,"minecraft:bone":3,"minecraft:wheat_seeds":4,"minecraft:bell":1,"minecraft:beef":2,"minecraft:stone_pickaxe":1,"minecraft:lectern":4,"minecraft:sugar_cane":8,"minecraft:oak_planks":34,"minecraft:egg":4,"minecraft:book":12,"minecraft:stick":3,"minecraft:raw_iron":34,"minecraft:composter":4,"minecraft:copper_ingot":2,"minecraft:torch":16,"minecraft:dandelion":2,"minecraft:porkchop":4,"minecraft:blast_furnace":2,"minecraft:white_bed":5,"minecraft:mossy_cobblestone":9,"minecraft:rotten_flesh":9,"minecraft:arrow":6,"minecraft:hay_block":78,"minecraft:granite":1,"minecraft:mutton":3,"minecraft:coal":47,"minecraft:cobblestone":102,"minecraft:white_wool":3},"minecraft:custom":{"minecraft:interact_with_furnace":5,"minecraft:mob_kills":8,"minecraft:interact_with_crafting_table":14,"minecraft:leave_game":7,"minecraft:time_since_death":57110,"minecraft:sleep_in_bed":4,"minecraft:time_since_rest":11079,"minecraft:sprint_one_cm":274449,"minecraft:damage_taken":1180,"minecraft:walk_one_cm":149645,"minecraft:drop":6,"minecraft:damage_dealt":961,"minecraft:swim_one_cm":45194,"minecraft:talked_to_villager":6,"minecraft:fly_one_cm":280138,"minecraft:crouch_one_cm":14872,"minecraft:play_time":99743,"minecraft:deaths":1,"minecraft:sneak_time":3274,"minecraft:walk_under_water_one_cm":18589,"minecraft:jump":1442,"minecraft:walk_on_water_one_cm":20359,"minecraft:total_world_time":99777,"minecraft:fall_one_cm":45363},"minecraft:broken":{"minecraft:stone_pickaxe":1,"minecraft:stone_shovel":1},"minecraft:used":{"minecraft:water_bucket":22,"minecraft:stone_sword":9,"minecraft:stone_pickaxe":168,"minecraft:stone_shovel":249,"minecraft:wooden_pickaxe":4,"minecraft:composter":4,"minecraft:bell":1,"minecraft:rotten_flesh":3,"minecraft:torch":11,"minecraft:mossy_cobblestone":6,"minecraft:dirt":58,"minecraft:crafting_table":7,"minecraft:blast_furnace":2,"minecraft:white_bed":4,"minecraft:bread":19,"minecraft:lectern":4,"minecraft:stone_axe":39,"minecraft:cobblestone":1,"minecraft:furnace":1,"minecraft:cooked_porkchop":2,"minecraft:bucket":23,"minecraft:yellow_bed":4,"minecraft:egg":3},"minecraft:dropped":{"minecraft:wheat_seeds":4,"minecraft:dandelion":2},"minecraft:mined":{"minecraft:white_bed":5,"minecraft:mossy_cobblestone":9,"minecraft:crafting_table":5,"minecraft:torch":8,"minecraft:granite":1,"minecraft:short_grass":16,"minecraft:blast_furnace":2,"minecraft:grass_block":68,"minecraft:lectern":4,"minecraft:cobblestone":30,"minecraft:tall_grass":5,"minecraft:composter":4,"minecraft:sugar_cane":3,"minecraft:oak_planks":1,"minecraft:wall_torch":2,"minecraft:hay_block":42,"minecraft:iron_ore":31,"minecraft:andesite":5,"minecraft:yellow_bed":4,"minecraft:bell":1,"minecraft:bookshelf":4,"minecraft:oak_log":11,"minecraft:coal_ore":25,"minecraft:dirt_path":59,"minecraft:oak_stairs":2,"minecraft:dirt":116,"minecraft:stripped_oak_log":16,"minecraft:stone":60,"minecraft:oak_leaves":3},"minecraft:killed":{"minecraft:pig":1,"minecraft:sheep":2,"minecraft:zombie":1,"minecraft:drowned":1,"minecraft:cow":2}},"DataVersion":3955}