{"stats":{"minecraft:crafted":{"minecraft:oak_planks":220,"minecraft:stone_shovel":4,"minecraft:furnace":1,"minecraft:cooked_mutton":9,"minecraft:iron_boots":1,"minecraft:stone_pickaxe":2,"minecraft:chest":2,"minecraft:stone_hoe":1,"minecraft:wheat":369,"minecraft:cooked_beef":29,"minecraft:arrow":4,"minecraft:cooked_porkchop":2,"minecraft:crafting_table":4,"minecraft:wooden_pickaxe":1,"minecraft:iron_helmet":1,"minecraft:fletching_table":3,"minecraft:bucket":1,"minecraft:stone_axe":1,"minecraft:bread":123,"minecraft:air":0,"minecraft:iron_chestplate":1,"minecraft:stick":28,"minecraft:iron_ingot":49,"minecraft:iron_pickaxe":1,"minecraft:stone_sword":2,"minecraft:iron_leggings":1,"minecraft:torch":4},"minecraft:picked_up":{"minecraft:crafting_table":7,"minecraft:wheat":15,"minecraft:azure_bluet":1,"minecraft:chicken":1,"minecraft:wooden_pickaxe":1,"minecraft:oak_stairs":2,"minecraft:cartography_table":1,"minecraft:beef":29,"minecraft:poppy":4,"minecraft:lectern":4,"minecraft:sugar_cane":29,"minecraft:egg":4,"minecraft:stick":3,"minecraft:raw_iron":50,"minecraft:composter":4,"minecraft:copper_ingot":2,"minecraft:torch":35,"minecraft:porkchop":12,"minecraft:carrot":43,"minecraft:rotten_flesh":13,"minecraft:arrow":6,"minecraft:hay_block":87,"minecraft:mutton":14,"minecraft:cobblestone":113,"minecraft:white_wool":10,"minecraft:stripped_oak_log":16,"minecraft:pink_petals":4,"minecraft:feather":8,"minecraft:andesite":10,"minecraft:leather":21,"minecraft:potato":17,"minecraft:flint":1,"minecraft:oak_log":39,"minecraft:yellow_bed":7,"minecraft:dirt":349,"minecraft:bone":3,"minecraft:wheat_seeds":58,"minecraft:bell":1,"minecraft:stone_pickaxe":1,"minecraft:iron_ingot":7,"minecraft:fletching_table":3,"minecraft:oak_planks":35,"minecraft:book":12,"minecraft:dandelion":2,"minecraft:gravel":69,"minecraft:blast_furnace":2,"minecraft:white_bed":10,"minecraft:mossy_cobblestone":11,"minecraft:granite":1,"minecraft:coal":74},"minecraft:custom":{"minecraft:mob_kills":47,"minecraft:interact_with_crafting_table":42,"minecraft:leave_game":8,"minecraft:time_since_death":122802,"minecraft:sprint_one_cm":474390,"minecraft:walk_one_cm":287409,"minecraft:drop":21,"minecraft:talked_to_villager":17,"minecraft:play_time":165435,"minecraft:deaths":1,"minecraft:sneak_time":6136,"minecraft:walk_under_water_one_cm":26998,"minecraft:jump":2840,"minecraft:walk_on_water_one_cm":26693,"minecraft:total_world_time":165469,"minecraft:interact_with_furnace":20,"minecraft:interact_with_cartography_table":1,"minecraft:sleep_in_bed":9,"minecraft:time_since_rest":10681,"minecraft:damage_taken":1698,"minecraft:damage_dealt":6702,"minecraft:swim_one_cm":63740,"minecraft:fly_one_cm":575095,"minecraft:open_chest":23,"minecraft:crouch_one_cm":23960,"minecraft:fall_one_cm":86639},"minecraft:broken":{"minecraft:stone_sword":1,"minecraft:stone_pickaxe":1,"minecraft:stone_shovel":3},"minecraft:used":{"minecraft:stone_sword":138,"minecraft:stone_shovel":431,"minecraft:poppy":4,"minecraft:chest":2,"minecraft:bell":1,"minecraft:stone_hoe":9,"minecraft:rotten_flesh":3,"minecraft:torch":34,"minecraft:dirt":130,"minecraft:azure_bluet":1,"minecraft:furnace":1,"minecraft:egg":3,"minecraft:cooked_beef":1,"minecraft:water_bucket":45,"minecraft:stone_pickaxe":232,"minecraft:oak_planks":1,"minecraft:cartography_table":1,"minecraft:wooden_pickaxe":4,"minecraft:composter":4,"minecraft:fletching_table":6,"minecraft:mossy_cobblestone":9,"minecraft:crafting_table":9,"minecraft:blast_furnace":2,"minecraft:white_bed":10,"minecraft:bread":37,"minecraft:lectern":4,"minecraft:gravel":68,"minecraft:stone_axe":82,"minecraft:cobblestone":32,"minecraft:cooked_porkchop":2,"minecraft:bucket":46,"minecraft:yellow_bed":7},"minecraft:dropped":{"minecraft:bread":90,"minecraft:wheat_seeds":56,"minecraft:mossy_cobblestone":2,"minecraft:crafting_table":1,"minecraft:granite":1,"minecraft:stick":1,"minecraft:dandelion":2,"minecraft:gravel":1,"minecraft:wheat":15,"minecraft:chicken":1,"minecraft:carrot":43,"minecraft:potato":17,"minecraft:wooden_pickaxe":1},"minecraft:mined":{"minecraft:white_bed":10,"minecraft:farmland":25,"minecraft:mossy_cobblestone":10,"minecraft:granite":1,"minecraft:grass_block":96,"minecraft:composter":4,"minecraft:cartography_table":1,"minecraft:hay_block":51,"minecraft:carrots":17,"minecraft:iron_ore":47,"minecraft:andesite":10,"minecraft:fletching_table":3,"minecraft:azure_bluet":1,"minecraft:bell":1,"minecraft:bookshelf":4,"minecraft:potatoes":6,"minecraft:dirt_path":83,"minecraft:oak_stairs":2,"minecraft:stripped_oak_log":16,"minecraft:stone":63,"minecraft:crafting_table":6,"minecraft:torch":18,"minecraft:short_grass":51,"minecraft:blast_furnace":2,"minecraft:lectern":4,"minecraft:tall_grass":5,"minecraft:cobblestone":38,"minecraft:oak_planks":2,"minecraft:sugar_cane":11,"minecraft:wall_torch":8,"minecraft:wheat":27,"minecraft:yellow_bed":7,"minecraft:coal_ore":52,"minecraft:oak_log":39,"minecraft:gravel":62,"minecraft:dirt":147,"minecraft:netherrack":1,"minecraft:oak_leaves":3},"minecraft:killed":{"minecraft:horse":2,"minecraft:chicken":5,"minecraft:drowned":1,"minecraft:pig":5,"minecraft:iron_golem":2,"minecraft:creeper":2,"minecraft:sheep":10,"minecraft:zombie":6,"minecraft:cow":13}},"DataVersion":3955}