{"stats":{"minecraft:used":{"minecraft:iron_shovel":765,"minecraft:spruce_slab":4,"minecraft:poppy":4,"minecraft:oak_sign":3,"minecraft:chest":19,"minecraft:shield":55,"minecraft:iron_sword":250,"minecraft:zombie_spawn_egg":1,"minecraft:bell":1,"minecraft:rotten_flesh":3,"minecraft:iron_chestplate":1,"minecraft:azure_bluet":1,"minecraft:obsidian":85,"minecraft:spruce_boat":20,"minecraft:glass":239,"minecraft:lava_bucket":2,"minecraft:iron_helmet":1,"minecraft:bow":2,"minecraft:ominous_bottle":1,"minecraft:sweet_berries":24,"minecraft:furnace":9,"minecraft:egg":5,"minecraft:diamond_boots":2,"minecraft:stone_pickaxe":494,"minecraft:oak_planks":3,"minecraft:wooden_pickaxe":10,"minecraft:composter":5,"minecraft:diamond_axe":1645,"minecraft:cookie":3,"minecraft:sand":5,"minecraft:blast_furnace":2,"minecraft:crossbow":4,"minecraft:bread":178,"minecraft:lectern":47,"minecraft:gravel":68,"minecraft:blackstone_slab":8,"minecraft:diamond_sword":413,"minecraft:smithing_table":2,"minecraft:white_stained_glass":194,"minecraft:andesite":1,"minecraft:oak_boat":15,"minecraft:enchanting_table":1,"minecraft:stone_sword":147,"minecraft:flint_and_steel":57,"minecraft:stone_shovel":960,"minecraft:spruce_planks":171,"minecraft:stone_hoe":9,"minecraft:netherrack":538,"minecraft:oak_door":3,"minecraft:torch":315,"minecraft:brewing_stand":1,"minecraft:dirt":929,"minecraft:hopper":2,"minecraft:spruce_fence":4,"minecraft:bookshelf":1,"minecraft:oak_stairs":2,"minecraft:iron_boots":1,"minecraft:diamond_chestplate":2,"minecraft:basalt":93,"minecraft:golden_carrot":25,"minecraft:minecart":10,"minecraft:cooked_beef":1,"minecraft:cobbled_deepslate":4,"minecraft:iron_leggings":1,"minecraft:cooked_mutton":5,"minecraft:water_bucket":296,"minecraft:cobblestone_stairs":36,"minecraft:cartography_table":1,"minecraft:spruce_sign":11,"minecraft:fletching_table":8,"minecraft:cobblestone_slab":57,"minecraft:mossy_cobblestone":10,"minecraft:rail":194,"minecraft:crafting_table":28,"minecraft:white_bed":21,"minecraft:spruce_log":16,"minecraft:diamond_pickaxe":2530,"minecraft:diamond_shovel":169,"minecraft:iron_pickaxe":370,"minecraft:suspicious_stew":6,"minecraft:spruce_sapling":96,"minecraft:stone_axe":588,"minecraft:cobblestone":464,"minecraft:cooked_porkchop":8,"minecraft:bucket":296,"minecraft:yellow_bed":17,"minecraft:diamond_leggings":1},"minecraft:killed_by":{"minecraft:zombie":1},"minecraft:broken":{"minecraft:iron_shovel":3,"minecraft:stone_pickaxe":3,"minecraft:stone_axe":3,"minecraft:iron_sword":1,"minecraft:stone_shovel":7,"minecraft:stone_sword":1,"minecraft:iron_pickaxe":1},"minecraft:dropped":{"minecraft:crafting_table":2,"minecraft:crossbow":8,"minecraft:dirt":1,"minecraft:iron_pickaxe":2,"minecraft:gravel":1,"minecraft:stone_axe":1,"minecraft:cobbled_deepslate":2,"minecraft:wheat":15,"minecraft:rotten_flesh":5,"minecraft:carrot":43,"minecraft:poppy":1,"minecraft:chainmail_boots":24,"minecraft:arrow":1,"minecraft:egg":2,"minecraft:stone_hoe":1,"minecraft:bread":214,"minecraft:wheat_seeds":63,"minecraft:mossy_cobblestone":2,"minecraft:iron_helmet":1,"minecraft:granite":1,"minecraft:stick":1,"minecraft:iron_leggings":1,"minecraft:iron_axe":2,"minecraft:string":1,"minecraft:spruce_sapling":1,"minecraft:dandelion":2,"minecraft:kelp":2,"minecraft:bowl":5,"minecraft:composter":1,"minecraft:chicken":2,"minecraft:iron_boots":9,"minecraft:potato":17,"minecraft:iron_chestplate":1,"minecraft:andesite":8,"minecraft:bow":1,"minecraft:stone_pickaxe":10,"minecraft:wooden_pickaxe":1},"minecraft:picked_up":{"minecraft:wheat":15,"minecraft:chainmail_boots":1,"minecraft:oak_stairs":55,"minecraft:brewing_stand":2,"minecraft:amethyst_block":4,"minecraft:string":11,"minecraft:raw_copper":5,"minecraft:diamond_leggings":5,"minecraft:cobbled_deepslate":66,"minecraft:smooth_stone":8,"minecraft:bucket":1,"minecraft:spruce_planks":457,"minecraft:cobblestone_slab":20,"minecraft:furnace":2,"minecraft:tipped_arrow":2,"minecraft:stick":220,"minecraft:composter":8,"minecraft:torch":78,"minecraft:porkchop":12,"minecraft:diorite":11,"minecraft:rotten_flesh":51,"minecraft:obsidian":75,"minecraft:cobblestone":1100,"minecraft:pink_petals":4,"minecraft:magma_block":1,"minecraft:feather":8,"minecraft:water_bucket":4,"minecraft:andesite":20,"minecraft:potato":17,"minecraft:flint":1,"minecraft:light_gray_dye":4,"minecraft:map":1,"minecraft:dirt":1417,"minecraft:glass":5,"minecraft:bone":28,"minecraft:stonecutter":2,"minecraft:bow":2,"minecraft:wheat_seeds":87,"minecraft:raw_gold":5,"minecraft:bell":1,"minecraft:fletching_table":5,"minecraft:diamond_helmet":5,"minecraft:stone_hoe":1,"minecraft:oak_planks":69,"minecraft:sand":968,"minecraft:mossy_cobblestone":17,"minecraft:diamond":13,"minecraft:spruce_boat":22,"minecraft:crossbow":8,"minecraft:granite":1,"minecraft:chainmail_helmet":2,"minecraft:bread":137,"minecraft:spruce_sign":4,"minecraft:emerald":103,"minecraft:oak_sapling":27,"minecraft:netherrack":1051,"minecraft:bricks":2,"minecraft:diamond_pickaxe":5,"minecraft:crafting_table":20,"minecraft:azure_bluet":2,"minecraft:ominous_bottle":5,"minecraft:chicken":2,"minecraft:wooden_pickaxe":1,"minecraft:shield":5,"minecraft:iron_axe":1,"minecraft:white_stained_glass":326,"minecraft:blackstone":43,"minecraft:cartography_table":2,"minecraft:beef":29,"minecraft:oak_boat":14,"minecraft:poppy":9,"minecraft:lectern":47,"minecraft:spruce_slab":22,"minecraft:minecart":10,"minecraft:sugar_cane":29,"minecraft:chest":3,"minecraft:egg":14,"minecraft:raw_iron":248,"minecraft:oak_door":3,"minecraft:copper_ingot":2,"minecraft:bowl":1,"minecraft:spruce_fence":2,"minecraft:white_dye":22,"minecraft:cookie":3,"minecraft:carrot":43,"minecraft:stone_shovel":1,"minecraft:arrow":45,"minecraft:diamond_chestplate":5,"minecraft:pumpkin_pie":1,"minecraft:diamond_boots":5,"minecraft:hay_block":144,"minecraft:mutton":15,"minecraft:white_wool":14,"minecraft:rail":169,"minecraft:stripped_oak_log":16,"minecraft:basalt":499,"minecraft:glow_ink_sac":10,"minecraft:leather":21,"minecraft:blackstone_slab":4,"minecraft:oak_log":187,"minecraft:yellow_bed":22,"minecraft:cobblestone_stairs":6,"minecraft:paper":3,"minecraft:white_banner":5,"minecraft:apple":5,"minecraft:kelp":8,"minecraft:iron_ingot":62,"minecraft:stone_pickaxe":1,"minecraft:iron_sword":4,"minecraft:book":19,"minecraft:sweet_berries":51,"minecraft:dandelion":3,"minecraft:gravel":71,"minecraft:spruce_sapling":204,"minecraft:blast_furnace":2,"minecraft:white_bed":20,"minecraft:spruce_log":1654,"minecraft:crying_obsidian":1,"minecraft:spider_eye":3,"minecraft:slime_ball":8,"minecraft:stone_axe":1,"minecraft:diamond_axe":4,"minecraft:baked_potato":1,"minecraft:coal":219,"minecraft:ender_pearl":2},"minecraft:mined":{"minecraft:spruce_planks":158,"minecraft:white_bed":20,"minecraft:farmland":50,"minecraft:cobblestone_stairs":6,"minecraft:brewing_stand":2,"minecraft:obsidian":77,"minecraft:granite":1,"minecraft:grass_block":417,"minecraft:yellow_carpet":2,"minecraft:composter":7,"minecraft:smooth_stone":8,"minecraft:magma_block":1,"minecraft:iron_ore":208,"minecraft:fire":9,"minecraft:fletching_table":5,"minecraft:azure_bluet":2,"minecraft:dirt_path":466,"minecraft:oak_stairs":55,"minecraft:spruce_slab":4,"minecraft:blackstone":44,"minecraft:torch":30,"minecraft:blast_furnace":2,"minecraft:chest":3,"minecraft:glass":25,"minecraft:cobblestone":358,"minecraft:sugar_cane":11,"minecraft:oak_planks":36,"minecraft:bricks":2,"minecraft:wall_torch":18,"minecraft:wheat":27,"minecraft:oak_log":189,"minecraft:sand":572,"minecraft:dirt":323,"minecraft:stonecutter":2,"minecraft:netherrack":1077,"minecraft:oak_leaves":36,"minecraft:deepslate":75,"minecraft:crying_obsidian":1,"minecraft:mossy_cobblestone":16,"minecraft:deepslate_diamond_ore":13,"minecraft:oak_door":2,"minecraft:spruce_fence":1,"minecraft:white_stained_glass":15,"minecraft:spruce_leaves":70,"minecraft:kelp":2,"minecraft:cartography_table":2,"minecraft:hay_block":109,"minecraft:spruce_sapling":8,"minecraft:furnace":2,"minecraft:carrots":17,"minecraft:andesite":16,"minecraft:bell":1,"minecraft:bookshelf":4,"minecraft:potatoes":6,"minecraft:deepslate_iron_ore":40,"minecraft:cobblestone_slab":8,"minecraft:rail":165,"minecraft:stripped_oak_log":16,"minecraft:stone":533,"minecraft:white_wool":3,"minecraft:podzol":15,"minecraft:glass_pane":3,"minecraft:basalt":503,"minecraft:crafting_table":17,"minecraft:short_grass":118,"minecraft:blackstone_slab":4,"minecraft:lectern":47,"minecraft:tall_grass":21,"minecraft:copper_ore":2,"minecraft:deepslate_gold_ore":5,"minecraft:diorite":13,"minecraft:sweet_berry_bush":19,"minecraft:spruce_log":1647,"minecraft:yellow_bed":21,"minecraft:coal_ore":189,"minecraft:cherry_leaves":1,"minecraft:gravel":66},"minecraft:killed":{"minecraft:spider":9,"minecraft:skeleton":22,"minecraft:chicken":7,"minecraft:magma_cube":1,"minecraft:piglin":2,"minecraft:pig":5,"minecraft:iron_golem":7,"minecraft:creeper":3,"minecraft:sheep":10,"minecraft:pillager":87,"minecraft:zombie":37,"minecraft:glow_squid":4,"minecraft:cow":13,"minecraft:vindicator":2,"minecraft:slime":13,"minecraft:horse":2,"minecraft:drowned":3,"minecraft:villager":3,"minecraft:enderman":6},"minecraft:custom":{"minecraft:interact_with_crafting_table":157,"minecraft:leave_game":25,"minecraft:time_since_death":246845,"minecraft:sprint_one_cm":2305076,"minecraft:damage_blocked_by_shield":1208,"minecraft:drop":124,"minecraft:talked_to_villager":219,"minecraft:play_time":887736,"minecraft:deaths":8,"minecraft:jump":15062,"minecraft:walk_on_water_one_cm":186867,"minecraft:interact_with_furnace":150,"minecraft:traded_with_villager":554,"minecraft:interact_with_cartography_table":1,"minecraft:sleep_in_bed":45,"minecraft:damage_dealt":45153,"minecraft:crouch_one_cm":123625,"minecraft:interact_with_smithing_table":1,"minecraft:mob_kills":239,"minecraft:inspect_hopper":2,"minecraft:walk_one_cm":1893333,"minecraft:raid_win":1,"minecraft:sneak_time":38019,"minecraft:walk_under_water_one_cm":157721,"minecraft:boat_one_cm":389644,"minecraft:total_world_time":887770,"minecraft:raid_trigger":1,"minecraft:time_since_rest":7060,"minecraft:damage_taken":11159,"minecraft:swim_one_cm":291655,"minecraft:fly_one_cm":2735347,"minecraft:open_chest":385,"minecraft:fall_one_cm":421863},"minecraft:crafted":{"minecraft:oak_planks":320,"minecraft:cobblestone_slab":48,"minecraft:oak_sign":3,"minecraft:cobblestone_stairs":36,"minecraft:diamond_shovel":1,"minecraft:bookshelf":1,"minecraft:cooked_mutton":13,"minecraft:suspicious_stew":7,"minecraft:glass":567,"minecraft:hopper":2,"minecraft:diamond_helmet":1,"minecraft:bow":1,"minecraft:diamond_leggings":1,"minecraft:iron_boots":11,"minecraft:polished_basalt":8,"minecraft:chest":18,"minecraft:rail":24,"minecraft:stone_hoe":1,"minecraft:oak_slab":6,"minecraft:emerald":487,"minecraft:arrow":4,"minecraft:cooked_porkchop":10,"minecraft:diamond_axe":2,"minecraft:crafting_table":13,"minecraft:spruce_planks":6488,"minecraft:wooden_pickaxe":2,"minecraft:iron_helmet":3,"minecraft:smithing_table":2,"minecraft:fletching_table":3,"minecraft:apple":64,"minecraft:iron_chestplate":2,"minecraft:diamond_pickaxe":1,"minecraft:emerald_block":5,"minecraft:shield":1,"minecraft:stick":12657,"minecraft:iron_ingot":231,"minecraft:iron_pickaxe":3,"minecraft:stone_sword":2,"minecraft:light_gray_dye":1,"minecraft:golden_carrot":42,"minecraft:oak_door":3,"minecraft:stone_shovel":8,"minecraft:furnace":7,"minecraft:bone_meal":36,"minecraft:spruce_fence":3,"minecraft:flint_and_steel":1,"minecraft:iron_axe":1,"minecraft:spruce_slab":6,"minecraft:stone_pickaxe":14,"minecraft:diamond_boots":1,"minecraft:spruce_boat":6,"minecraft:minecart":1,"minecraft:wheat":963,"minecraft:cooked_beef":29,"minecraft:diamond_sword":1,"minecraft:spruce_sign":12,"minecraft:enchanting_table":1,"minecraft:iron_sword":1,"minecraft:bucket":6,"minecraft:stone_axe":5,"minecraft:white_stained_glass":288,"minecraft:enchanted_book":2,"minecraft:bread":381,"minecraft:air":0,"minecraft:oak_boat":4,"minecraft:white_dye":36,"minecraft:chainmail_boots":24,"minecraft:iron_shovel":3,"minecraft:iron_leggings":2,"minecraft:white_bed":1,"minecraft:pumpkin_pie":48,"minecraft:torch":264,"minecraft:blackstone_slab":6,"minecraft:diamond_chestplate":1}},"DataVersion":3955}