{"stats":{"minecraft:crafted":{"minecraft:oak_planks":108,"minecraft:stone_shovel":3,"minecraft:arrow":4,"minecraft:cooked_porkchop":2,"minecraft:crafting_table":4,"minecraft:wooden_pickaxe":1,"minecraft:furnace":1,"minecraft:fletching_table":3,"minecraft:bucket":1,"minecraft:stone_axe":1,"minecraft:bread":123,"minecraft:cooked_mutton":9,"minecraft:air":0,"minecraft:stick":20,"minecraft:iron_ingot":49,"minecraft:stone_pickaxe":2,"minecraft:stone_sword":1,"minecraft:chest":2,"minecraft:torch":4,"minecraft:stone_hoe":1,"minecraft:wheat":369},"minecraft:picked_up":{"minecraft:stripped_oak_log":16,"minecraft:pink_petals":4,"minecraft:crafting_table":7,"minecraft:wheat":15,"minecraft:feather":8,"minecraft:chicken":1,"minecraft:andesite":10,"minecraft:leather":21,"minecraft:wooden_pickaxe":1,"minecraft:potato":17,"minecraft:oak_stairs":2,"minecraft:flint":1,"minecraft:oak_log":11,"minecraft:yellow_bed":7,"minecraft:dirt":255,"minecraft:bone":3,"minecraft:cartography_table":1,"minecraft:wheat_seeds":55,"minecraft:bell":1,"minecraft:beef":29,"minecraft:stone_pickaxe":1,"minecraft:lectern":4,"minecraft:sugar_cane":29,"minecraft:oak_planks":35,"minecraft:egg":4,"minecraft:book":12,"minecraft:stick":3,"minecraft:raw_iron":50,"minecraft:composter":4,"minecraft:copper_ingot":2,"minecraft:torch":33,"minecraft:dandelion":2,"minecraft:gravel":69,"minecraft:porkchop":12,"minecraft:blast_furnace":2,"minecraft:white_bed":10,"minecraft:carrot":43,"minecraft:mossy_cobblestone":11,"minecraft:arrow":6,"minecraft:rotten_flesh":13,"minecraft:hay_block":87,"minecraft:granite":1,"minecraft:mutton":14,"minecraft:coal":74,"minecraft:white_wool":10,"minecraft:cobblestone":113},"minecraft:custom":{"minecraft:interact_with_furnace":15,"minecraft:mob_kills":45,"minecraft:interact_with_cartography_table":1,"minecraft:interact_with_crafting_table":30,"minecraft:leave_game":8,"minecraft:time_since_death":110802,"minecraft:sleep_in_bed":8,"minecraft:time_since_rest":12270,"minecraft:sprint_one_cm":442227,"minecraft:damage_taken":1688,"minecraft:walk_one_cm":241751,"minecraft:drop":19,"minecraft:damage_dealt":5071,"minecraft:swim_one_cm":63740,"minecraft:talked_to_villager":10,"minecraft:fly_one_cm":552791,"minecraft:open_chest":15,"minecraft:play_time":153435,"minecraft:crouch_one_cm":19051,"minecraft:sneak_time":5210,"minecraft:deaths":1,"minecraft:walk_under_water_one_cm":25938,"minecraft:jump":2670,"minecraft:walk_on_water_one_cm":25525,"minecraft:total_world_time":153469,"minecraft:fall_one_cm":83856},"minecraft:broken":{"minecraft:stone_pickaxe":1,"minecraft:stone_shovel":2},"minecraft:used":{"minecraft:water_bucket":37,"minecraft:stone_sword":108,"minecraft:stone_pickaxe":232,"minecraft:stone_shovel":331,"minecraft:oak_planks":1,"minecraft:cartography_table":1,"minecraft:chest":2,"minecraft:wooden_pickaxe":4,"minecraft:composter":4,"minecraft:fletching_table":3,"minecraft:bell":1,"minecraft:stone_hoe":9,"minecraft:rotten_flesh":3,"minecraft:torch":32,"minecraft:mossy_cobblestone":9,"minecraft:dirt":66,"minecraft:crafting_table":9,"minecraft:blast_furnace":2,"minecraft:white_bed":10,"minecraft:bread":37,"minecraft:lectern":4,"minecraft:gravel":68,"minecraft:stone_axe":49,"minecraft:cobblestone":32,"minecraft:furnace":1,"minecraft:cooked_porkchop":2,"minecraft:bucket":38,"minecraft:yellow_bed":7,"minecraft:egg":3},"minecraft:dropped":{"minecraft:gravel":1,"minecraft:bread":64,"minecraft:wheat_seeds":55,"minecraft:mossy_cobblestone":2,"minecraft:crafting_table":1,"minecraft:wheat":15,"minecraft:chicken":1,"minecraft:granite":1,"minecraft:carrot":43,"minecraft:stick":1,"minecraft:potato":17,"minecraft:wooden_pickaxe":1,"minecraft:dandelion":2},"minecraft:mined":{"minecraft:white_bed":10,"minecraft:mossy_cobblestone":10,"minecraft:crafting_table":6,"minecraft:torch":17,"minecraft:granite":1,"minecraft:short_grass":30,"minecraft:blast_furnace":2,"minecraft:grass_block":80,"minecraft:lectern":4,"minecraft:tall_grass":5,"minecraft:cobblestone":38,"minecraft:cartography_table":1,"minecraft:composter":4,"minecraft:sugar_cane":11,"minecraft:oak_planks":2,"minecraft:wall_torch":7,"minecraft:hay_block":51,"minecraft:carrots":17,"minecraft:iron_ore":47,"minecraft:wheat":27,"minecraft:andesite":10,"minecraft:yellow_bed":7,"minecraft:bell":1,"minecraft:bookshelf":4,"minecraft:potatoes":6,"minecraft:oak_log":11,"minecraft:coal_ore":52,"minecraft:dirt_path":59,"minecraft:oak_stairs":2,"minecraft:gravel":62,"minecraft:dirt":118,"minecraft:stripped_oak_log":16,"minecraft:stone":63,"minecraft:netherrack":1,"minecraft:oak_leaves":3},"minecraft:killed":{"minecraft:pig":5,"minecraft:creeper":2,"minecraft:horse":2,"minecraft:sheep":10,"minecraft:zombie":6,"minecraft:chicken":5,"minecraft:drowned":1,"minecraft:cow":13}},"DataVersion":3955}