{"stats":{"minecraft:crafted":{"minecraft:oak_planks":108,"minecraft:stone_shovel":2,"minecraft:cooked_porkchop":2,"minecraft:crafting_table":3,"minecraft:wooden_pickaxe":1,"minecraft:furnace":1,"minecraft:bucket":1,"minecraft:stone_axe":1,"minecraft:bread":123,"minecraft:air":0,"minecraft:stick":20,"minecraft:iron_ingot":3,"minecraft:stone_pickaxe":2,"minecraft:stone_sword":1,"minecraft:torch":4,"minecraft:wheat":369},"minecraft:picked_up":{"minecraft:stripped_oak_log":16,"minecraft:pink_petals":4,"minecraft:crafting_table":6,"minecraft:andesite":10,"minecraft:leather":3,"minecraft:wooden_pickaxe":1,"minecraft:oak_stairs":2,"minecraft:oak_log":11,"minecraft:yellow_bed":4,"minecraft:dirt":241,"minecraft:bone":3,"minecraft:wheat_seeds":4,"minecraft:bell":1,"minecraft:beef":2,"minecraft:stone_pickaxe":1,"minecraft:lectern":4,"minecraft:sugar_cane":8,"minecraft:oak_planks":34,"minecraft:egg":4,"minecraft:book":12,"minecraft:stick":3,"minecraft:raw_iron":50,"minecraft:composter":4,"minecraft:copper_ingot":2,"minecraft:torch":26,"minecraft:dandelion":2,"minecraft:porkchop":4,"minecraft:blast_furnace":2,"minecraft:white_bed":6,"minecraft:mossy_cobblestone":10,"minecraft:rotten_flesh":13,"minecraft:arrow":6,"minecraft:hay_block":78,"minecraft:granite":1,"minecraft:mutton":4,"minecraft:coal":74,"minecraft:cobblestone":113,"minecraft:white_wool":4},"minecraft:custom":{"minecraft:interact_with_furnace":5,"minecraft:mob_kills":15,"minecraft:interact_with_crafting_table":14,"minecraft:leave_game":7,"minecraft:time_since_death":69110,"minecraft:sleep_in_bed":5,"minecraft:time_since_rest":9721,"minecraft:sprint_one_cm":296775,"minecraft:damage_taken":1425,"minecraft:walk_one_cm":175311,"minecraft:drop":6,"minecraft:damage_dealt":2141,"minecraft:swim_one_cm":47485,"minecraft:talked_to_villager":6,"minecraft:fly_one_cm":305445,"minecraft:crouch_one_cm":18571,"minecraft:play_time":111743,"minecraft:deaths":1,"minecraft:sneak_time":4663,"minecraft:walk_under_water_one_cm":24523,"minecraft:jump":1680,"minecraft:walk_on_water_one_cm":24267,"minecraft:total_world_time":111777,"minecraft:fall_one_cm":51075},"minecraft:broken":{"minecraft:stone_pickaxe":1,"minecraft:stone_shovel":1},"minecraft:used":{"minecraft:water_bucket":34,"minecraft:stone_sword":38,"minecraft:stone_pickaxe":229,"minecraft:stone_shovel":249,"minecraft:wooden_pickaxe":4,"minecraft:composter":4,"minecraft:bell":1,"minecraft:rotten_flesh":3,"minecraft:torch":23,"minecraft:mossy_cobblestone":9,"minecraft:dirt":58,"minecraft:crafting_table":7,"minecraft:blast_furnace":2,"minecraft:white_bed":5,"minecraft:bread":26,"minecraft:lectern":4,"minecraft:stone_axe":40,"minecraft:cobblestone":29,"minecraft:furnace":1,"minecraft:cooked_porkchop":2,"minecraft:bucket":35,"minecraft:yellow_bed":4,"minecraft:egg":3},"minecraft:dropped":{"minecraft:wheat_seeds":4,"minecraft:dandelion":2},"minecraft:mined":{"minecraft:white_bed":6,"minecraft:mossy_cobblestone":10,"minecraft:crafting_table":5,"minecraft:torch":13,"minecraft:granite":1,"minecraft:short_grass":16,"minecraft:blast_furnace":2,"minecraft:grass_block":68,"minecraft:lectern":4,"minecraft:cobblestone":38,"minecraft:tall_grass":5,"minecraft:composter":4,"minecraft:sugar_cane":3,"minecraft:oak_planks":1,"minecraft:wall_torch":4,"minecraft:hay_block":42,"minecraft:iron_ore":47,"minecraft:andesite":10,"minecraft:yellow_bed":4,"minecraft:bell":1,"minecraft:bookshelf":4,"minecraft:oak_log":11,"minecraft:coal_ore":52,"minecraft:dirt_path":59,"minecraft:oak_stairs":2,"minecraft:dirt":116,"minecraft:stripped_oak_log":16,"minecraft:stone":63,"minecraft:oak_leaves":3},"minecraft:killed":{"minecraft:pig":1,"minecraft:creeper":1,"minecraft:sheep":3,"minecraft:zombie":6,"minecraft:drowned":1,"minecraft:cow":2}},"DataVersion":3955}