{"stats":{"minecraft:killed":{"minecraft:spider":8,"minecraft:skeleton":20,"minecraft:horse":2,"minecraft:chicken":5,"minecraft:drowned":1,"minecraft:pig":5,"minecraft:iron_golem":2,"minecraft:creeper":3,"minecraft:sheep":10,"minecraft:zombie":34,"minecraft:glow_squid":4,"minecraft:villager":1,"minecraft:enderman":5,"minecraft:cow":13},"minecraft:custom":{"minecraft:mob_kills":116,"minecraft:interact_with_crafting_table":109,"minecraft:leave_game":22,"minecraft:time_since_death":119332,"minecraft:sprint_one_cm":1682972,"minecraft:walk_one_cm":1232171,"minecraft:damage_blocked_by_shield":873,"minecraft:drop":89,"minecraft:talked_to_villager":132,"minecraft:play_time":589597,"minecraft:sneak_time":25599,"minecraft:deaths":4,"minecraft:walk_under_water_one_cm":84144,"minecraft:boat_one_cm":51100,"minecraft:jump":10451,"minecraft:walk_on_water_one_cm":112223,"minecraft:total_world_time":589631,"minecraft:interact_with_furnace":74,"minecraft:traded_with_villager":455,"minecraft:interact_with_cartography_table":1,"minecraft:sleep_in_bed":33,"minecraft:time_since_rest":6440,"minecraft:damage_taken":7295,"minecraft:damage_dealt":19727,"minecraft:swim_one_cm":174369,"minecraft:fly_one_cm":1840933,"minecraft:open_chest":235,"minecraft:crouch_one_cm":72503,"minecraft:fall_one_cm":302888},"minecraft:broken":{"minecraft:iron_shovel":3,"minecraft:stone_sword":1,"minecraft:stone_pickaxe":3,"minecraft:stone_axe":3,"minecraft:iron_pickaxe":1,"minecraft:stone_shovel":4},"minecraft:mined":{"minecraft:spruce_planks":145,"minecraft:white_bed":17,"minecraft:farmland":50,"minecraft:mossy_cobblestone":16,"minecraft:deepslate_diamond_ore":7,"minecraft:cobblestone_stairs":6,"minecraft:brewing_stand":2,"minecraft:granite":1,"minecraft:grass_block":385,"minecraft:yellow_carpet":2,"minecraft:spruce_leaves":70,"minecraft:composter":7,"minecraft:cartography_table":1,"minecraft:hay_block":109,"minecraft:smooth_stone":8,"minecraft:spruce_sapling":8,"minecraft:furnace":2,"minecraft:carrots":17,"minecraft:iron_ore":208,"minecraft:fire":6,"minecraft:andesite":16,"minecraft:fletching_table":5,"minecraft:azure_bluet":2,"minecraft:bell":1,"minecraft:bookshelf":4,"minecraft:potatoes":6,"minecraft:dirt_path":338,"minecraft:deepslate_iron_ore":40,"minecraft:rail":119,"minecraft:oak_stairs":53,"minecraft:stripped_oak_log":16,"minecraft:stone":494,"minecraft:spruce_slab":1,"minecraft:podzol":15,"minecraft:glass_pane":3,"minecraft:crafting_table":11,"minecraft:torch":30,"minecraft:short_grass":91,"minecraft:blast_furnace":2,"minecraft:glass":12,"minecraft:lectern":6,"minecraft:copper_ore":2,"minecraft:tall_grass":17,"minecraft:cobblestone":269,"minecraft:oak_planks":32,"minecraft:sugar_cane":11,"minecraft:deepslate_gold_ore":5,"minecraft:bricks":2,"minecraft:diorite":13,"minecraft:wall_torch":16,"minecraft:sweet_berry_bush":19,"minecraft:wheat":27,"minecraft:spruce_log":1646,"minecraft:yellow_bed":19,"minecraft:coal_ore":189,"minecraft:oak_log":113,"minecraft:gravel":66,"minecraft:dirt":304,"minecraft:cherry_leaves":1,"minecraft:sand":280,"minecraft:stonecutter":2,"minecraft:netherrack":1,"minecraft:deepslate":67,"minecraft:oak_leaves":5},"minecraft:crafted":{"minecraft:oak_planks":252,"minecraft:stone_shovel":6,"minecraft:furnace":2,"minecraft:bone_meal":9,"minecraft:cooked_mutton":13,"minecraft:glass":84,"minecraft:diamond_helmet":1,"minecraft:diamond_leggings":1,"minecraft:bow":1,"minecraft:iron_boots":11,"minecraft:iron_axe":1,"minecraft:spruce_slab":6,"minecraft:stone_pickaxe":14,"minecraft:chest":12,"minecraft:diamond_boots":1,"minecraft:spruce_boat":4,"minecraft:rail":24,"minecraft:stone_hoe":1,"minecraft:minecart":1,"minecraft:wheat":963,"minecraft:cooked_beef":29,"minecraft:emerald":450,"minecraft:arrow":4,"minecraft:spruce_sign":6,"minecraft:cooked_porkchop":10,"minecraft:diamond_axe":1,"minecraft:crafting_table":9,"minecraft:spruce_planks":6100,"minecraft:wooden_pickaxe":2,"minecraft:iron_helmet":3,"minecraft:iron_sword":1,"minecraft:smithing_table":1,"minecraft:fletching_table":3,"minecraft:bucket":2,"minecraft:stone_axe":5,"minecraft:white_stained_glass":72,"minecraft:bread":321,"minecraft:air":0,"minecraft:oak_boat":2,"minecraft:iron_chestplate":2,"minecraft:diamond_pickaxe":1,"minecraft:emerald_block":5,"minecraft:shield":1,"minecraft:white_dye":9,"minecraft:stick":11789,"minecraft:iron_ingot":231,"minecraft:chainmail_boots":24,"minecraft:iron_pickaxe":3,"minecraft:stone_sword":2,"minecraft:iron_shovel":3,"minecraft:iron_leggings":2,"minecraft:light_gray_dye":1,"minecraft:torch":264,"minecraft:diamond_chestplate":1},"minecraft:picked_up":{"minecraft:crafting_table":13,"minecraft:wheat":15,"minecraft:azure_bluet":2,"minecraft:chicken":1,"minecraft:wooden_pickaxe":1,"minecraft:oak_stairs":53,"minecraft:brewing_stand":2,"minecraft:shield":1,"minecraft:amethyst_block":4,"minecraft:string":10,"minecraft:raw_copper":5,"minecraft:iron_axe":1,"minecraft:diamond_leggings":1,"minecraft:cartography_table":1,"minecraft:smooth_stone":8,"minecraft:cobbled_deepslate":57,"minecraft:spruce_planks":214,"minecraft:beef":29,"minecraft:oak_boat":5,"minecraft:spruce_slab":1,"minecraft:poppy":6,"minecraft:minecart":5,"minecraft:lectern":6,"minecraft:sugar_cane":29,"minecraft:furnace":2,"minecraft:egg":5,"minecraft:stick":120,"minecraft:raw_iron":248,"minecraft:oak_door":1,"minecraft:composter":7,"minecraft:copper_ingot":2,"minecraft:torch":63,"minecraft:porkchop":12,"minecraft:diorite":11,"minecraft:carrot":43,"minecraft:arrow":28,"minecraft:rotten_flesh":44,"minecraft:diamond_chestplate":1,"minecraft:diamond_boots":1,"minecraft:hay_block":144,"minecraft:mutton":14,"minecraft:rail":119,"minecraft:white_wool":10,"minecraft:cobblestone":847,"minecraft:stripped_oak_log":16,"minecraft:pink_petals":4,"minecraft:feather":8,"minecraft:glow_ink_sac":10,"minecraft:water_bucket":1,"minecraft:andesite":20,"minecraft:leather":21,"minecraft:potato":17,"minecraft:flint":1,"minecraft:oak_log":112,"minecraft:yellow_bed":19,"minecraft:cobblestone_stairs":6,"minecraft:dirt":1224,"minecraft:bone":26,"minecraft:bow":2,"minecraft:stonecutter":2,"minecraft:wheat_seeds":81,"minecraft:raw_gold":5,"minecraft:bell":1,"minecraft:iron_ingot":7,"minecraft:stone_pickaxe":1,"minecraft:fletching_table":5,"minecraft:diamond_helmet":1,"minecraft:iron_sword":1,"minecraft:oak_planks":65,"minecraft:book":12,"minecraft:sweet_berries":51,"minecraft:dandelion":3,"minecraft:gravel":71,"minecraft:sand":275,"minecraft:spruce_sapling":204,"minecraft:blast_furnace":2,"minecraft:white_bed":17,"minecraft:spruce_log":1653,"minecraft:spider_eye":3,"minecraft:mossy_cobblestone":17,"minecraft:slime_ball":1,"minecraft:diamond":7,"minecraft:spruce_boat":13,"minecraft:granite":1,"minecraft:diamond_axe":1,"minecraft:bread":66,"minecraft:emerald":103,"minecraft:baked_potato":1,"minecraft:oak_sapling":1,"minecraft:bricks":2,"minecraft:coal":219,"minecraft:ender_pearl":1,"minecraft:diamond_pickaxe":1},"minecraft:dropped":{"minecraft:stone_hoe":1,"minecraft:bread":160,"minecraft:wheat_seeds":62,"minecraft:mossy_cobblestone":2,"minecraft:crafting_table":2,"minecraft:iron_helmet":1,"minecraft:granite":1,"minecraft:stick":1,"minecraft:iron_leggings":1,"minecraft:iron_axe":2,"minecraft:iron_pickaxe":2,"minecraft:spruce_sapling":1,"minecraft:dandelion":2,"minecraft:gravel":1,"minecraft:stone_axe":1,"minecraft:wheat":15,"minecraft:chicken":1,"minecraft:iron_boots":9,"minecraft:carrot":43,"minecraft:potato":17,"minecraft:iron_chestplate":1,"minecraft:andesite":8,"minecraft:chainmail_boots":24,"minecraft:bow":1,"minecraft:stone_pickaxe":10,"minecraft:wooden_pickaxe":1},"minecraft:used":{"minecraft:stone_sword":147,"minecraft:iron_shovel":765,"minecraft:flint_and_steel":6,"minecraft:spruce_slab":4,"minecraft:stone_shovel":672,"minecraft:poppy":4,"minecraft:chest":12,"minecraft:spruce_planks":171,"minecraft:shield":32,"minecraft:iron_sword":245,"minecraft:bell":1,"minecraft:rotten_flesh":3,"minecraft:stone_hoe":9,"minecraft:iron_chestplate":1,"minecraft:torch":313,"minecraft:brewing_stand":1,"minecraft:dirt":738,"minecraft:azure_bluet":1,"minecraft:glass":12,"minecraft:spruce_boat":13,"minecraft:iron_helmet":1,"minecraft:iron_boots":1,"minecraft:bow":2,"minecraft:sweet_berries":24,"minecraft:furnace":4,"minecraft:minecart":5,"minecraft:egg":4,"minecraft:cooked_beef":1,"minecraft:iron_leggings":1,"minecraft:cooked_mutton":5,"minecraft:water_bucket":187,"minecraft:stone_pickaxe":494,"minecraft:oak_planks":3,"minecraft:cartography_table":1,"minecraft:wooden_pickaxe":10,"minecraft:composter":4,"minecraft:diamond_axe":1467,"minecraft:fletching_table":8,"minecraft:mossy_cobblestone":10,"minecraft:sand":3,"minecraft:rail":121,"minecraft:crafting_table":18,"minecraft:blast_furnace":2,"minecraft:white_bed":17,"minecraft:spruce_log":16,"minecraft:diamond_pickaxe":613,"minecraft:iron_pickaxe":370,"minecraft:bread":146,"minecraft:lectern":6,"minecraft:gravel":68,"minecraft:spruce_sapling":96,"minecraft:stone_axe":588,"minecraft:cobblestone":379,"minecraft:cooked_porkchop":8,"minecraft:white_stained_glass":72,"minecraft:smithing_table":1,"minecraft:andesite":1,"minecraft:bucket":188,"minecraft:oak_boat":5,"minecraft:yellow_bed":15}},"DataVersion":3955}