{"stats":{"minecraft:crafted":{"minecraft:spruce_planks":28,"minecraft:spruce_button":28},"minecraft:picked_up":{"minecraft:spruce_sapling":1,"minecraft:spruce_log":7,"minecraft:mutton":2,"minecraft:dirt":1,"minecraft:white_wool":2},"minecraft:custom":{"minecraft:time_since_rest":22919,"minecraft:sprint_one_cm":16491,"minecraft:play_time":22919,"minecraft:damage_taken":80,"minecraft:walk_one_cm":17365,"minecraft:sneak_time":231,"minecraft:mob_kills":2,"minecraft:drop":1,"minecraft:jump":69,"minecraft:damage_dealt":130,"minecraft:leave_game":1,"minecraft:time_since_death":22919,"minecraft:total_world_time":22919,"minecraft:fall_one_cm":2476,"minecraft:fly_one_cm":36720},"minecraft:dropped":{"minecraft:spruce_button":28},"minecraft:mined":{"minecraft:grass_block":1,"minecraft:spruce_leaves":8,"minecraft:spruce_log":8},"minecraft:killed":{"minecraft:sheep":1}},"DataVersion":3955}