{"stats":{"minecraft:crafted":{"minecraft:oak_planks":108,"minecraft:stone_shovel":3,"minecraft:cooked_porkchop":2,"minecraft:crafting_table":3,"minecraft:wooden_pickaxe":1,"minecraft:furnace":1,"minecraft:bucket":1,"minecraft:stone_axe":1,"minecraft:bread":123,"minecraft:cooked_mutton":9,"minecraft:air":0,"minecraft:stick":20,"minecraft:iron_ingot":3,"minecraft:stone_pickaxe":2,"minecraft:stone_sword":1,"minecraft:chest":2,"minecraft:torch":4,"minecraft:wheat":369},"minecraft:picked_up":{"minecraft:stripped_oak_log":16,"minecraft:pink_petals":4,"minecraft:crafting_table":6,"minecraft:wheat":15,"minecraft:feather":6,"minecraft:andesite":10,"minecraft:leather":19,"minecraft:wooden_pickaxe":1,"minecraft:potato":17,"minecraft:oak_stairs":2,"minecraft:oak_log":11,"minecraft:yellow_bed":4,"minecraft:dirt":241,"minecraft:bone":3,"minecraft:wheat_seeds":55,"minecraft:bell":1,"minecraft:beef":27,"minecraft:stone_pickaxe":1,"minecraft:lectern":4,"minecraft:sugar_cane":8,"minecraft:oak_planks":34,"minecraft:egg":4,"minecraft:book":12,"minecraft:stick":3,"minecraft:raw_iron":50,"minecraft:composter":4,"minecraft:copper_ingot":2,"minecraft:torch":31,"minecraft:dandelion":2,"minecraft:gravel":68,"minecraft:porkchop":12,"minecraft:blast_furnace":2,"minecraft:white_bed":7,"minecraft:carrot":43,"minecraft:mossy_cobblestone":10,"minecraft:arrow":6,"minecraft:rotten_flesh":13,"minecraft:hay_block":78,"minecraft:granite":1,"minecraft:mutton":10,"minecraft:coal":74,"minecraft:white_wool":7,"minecraft:cobblestone":113},"minecraft:custom":{"minecraft:interact_with_furnace":10,"minecraft:mob_kills":40,"minecraft:interact_with_crafting_table":20,"minecraft:leave_game":8,"minecraft:time_since_death":86802,"minecraft:sleep_in_bed":7,"minecraft:time_since_rest":917,"minecraft:sprint_one_cm":366792,"minecraft:damage_taken":1470,"minecraft:walk_one_cm":207789,"minecraft:drop":11,"minecraft:damage_dealt":4641,"minecraft:swim_one_cm":53838,"minecraft:talked_to_villager":6,"minecraft:fly_one_cm":427568,"minecraft:open_chest":2,"minecraft:play_time":129435,"minecraft:crouch_one_cm":18643,"minecraft:sneak_time":5160,"minecraft:deaths":1,"minecraft:walk_under_water_one_cm":24876,"minecraft:jump":2194,"minecraft:walk_on_water_one_cm":24603,"minecraft:total_world_time":129469,"minecraft:fall_one_cm":66812},"minecraft:broken":{"minecraft:stone_pickaxe":1,"minecraft:stone_shovel":2},"minecraft:used":{"minecraft:water_bucket":34,"minecraft:stone_sword":97,"minecraft:stone_pickaxe":229,"minecraft:stone_shovel":313,"minecraft:chest":2,"minecraft:wooden_pickaxe":4,"minecraft:composter":4,"minecraft:bell":1,"minecraft:rotten_flesh":3,"minecraft:torch":29,"minecraft:mossy_cobblestone":9,"minecraft:dirt":64,"minecraft:crafting_table":7,"minecraft:blast_furnace":2,"minecraft:white_bed":7,"minecraft:bread":30,"minecraft:lectern":4,"minecraft:gravel":66,"minecraft:stone_axe":40,"minecraft:cobblestone":32,"minecraft:furnace":1,"minecraft:cooked_porkchop":2,"minecraft:bucket":35,"minecraft:yellow_bed":4,"minecraft:egg":3},"minecraft:dropped":{"minecraft:bread":64,"minecraft:wheat_seeds":55,"minecraft:wheat":15,"minecraft:carrot":43,"minecraft:potato":17,"minecraft:dandelion":2},"minecraft:mined":{"minecraft:white_bed":7,"minecraft:mossy_cobblestone":10,"minecraft:crafting_table":5,"minecraft:torch":17,"minecraft:granite":1,"minecraft:short_grass":24,"minecraft:blast_furnace":2,"minecraft:grass_block":68,"minecraft:lectern":4,"minecraft:tall_grass":5,"minecraft:cobblestone":38,"minecraft:composter":4,"minecraft:sugar_cane":3,"minecraft:oak_planks":1,"minecraft:wall_torch":5,"minecraft:hay_block":42,"minecraft:carrots":17,"minecraft:iron_ore":47,"minecraft:wheat":27,"minecraft:andesite":10,"minecraft:yellow_bed":4,"minecraft:bell":1,"minecraft:bookshelf":4,"minecraft:potatoes":6,"minecraft:oak_log":11,"minecraft:coal_ore":52,"minecraft:dirt_path":59,"minecraft:oak_stairs":2,"minecraft:gravel":60,"minecraft:dirt":116,"minecraft:stripped_oak_log":16,"minecraft:stone":63,"minecraft:oak_leaves":3},"minecraft:killed":{"minecraft:pig":5,"minecraft:creeper":2,"minecraft:horse":2,"minecraft:sheep":7,"minecraft:zombie":6,"minecraft:chicken":4,"minecraft:drowned":1,"minecraft:cow":12}},"DataVersion":3955}