{"stats":{"minecraft:crafted":{"minecraft:oak_planks":108,"minecraft:stone_shovel":3,"minecraft:arrow":4,"minecraft:cooked_porkchop":2,"minecraft:crafting_table":3,"minecraft:wooden_pickaxe":1,"minecraft:furnace":1,"minecraft:bucket":1,"minecraft:stone_axe":1,"minecraft:bread":123,"minecraft:cooked_mutton":9,"minecraft:air":0,"minecraft:stick":20,"minecraft:iron_ingot":3,"minecraft:stone_pickaxe":2,"minecraft:stone_sword":1,"minecraft:chest":2,"minecraft:torch":4,"minecraft:stone_hoe":1,"minecraft:wheat":369},"minecraft:picked_up":{"minecraft:stripped_oak_log":16,"minecraft:pink_petals":4,"minecraft:crafting_table":7,"minecraft:wheat":15,"minecraft:feather":8,"minecraft:chicken":1,"minecraft:andesite":10,"minecraft:leather":21,"minecraft:wooden_pickaxe":1,"minecraft:potato":17,"minecraft:oak_stairs":2,"minecraft:flint":1,"minecraft:oak_log":11,"minecraft:yellow_bed":5,"minecraft:dirt":241,"minecraft:bone":3,"minecraft:cartography_table":1,"minecraft:wheat_seeds":55,"minecraft:bell":1,"minecraft:beef":29,"minecraft:stone_pickaxe":1,"minecraft:lectern":4,"minecraft:sugar_cane":8,"minecraft:oak_planks":34,"minecraft:egg":4,"minecraft:book":12,"minecraft:stick":3,"minecraft:raw_iron":50,"minecraft:composter":4,"minecraft:copper_ingot":2,"minecraft:torch":31,"minecraft:dandelion":2,"minecraft:gravel":69,"minecraft:porkchop":12,"minecraft:blast_furnace":2,"minecraft:white_bed":9,"minecraft:carrot":43,"minecraft:mossy_cobblestone":11,"minecraft:arrow":6,"minecraft:rotten_flesh":13,"minecraft:hay_block":87,"minecraft:granite":1,"minecraft:mutton":14,"minecraft:coal":74,"minecraft:white_wool":10,"minecraft:cobblestone":113},"minecraft:custom":{"minecraft:interact_with_furnace":10,"minecraft:mob_kills":45,"minecraft:interact_with_cartography_table":1,"minecraft:interact_with_crafting_table":24,"minecraft:leave_game":8,"minecraft:time_since_death":98802,"minecraft:sleep_in_bed":8,"minecraft:time_since_rest":270,"minecraft:sprint_one_cm":395421,"minecraft:damage_taken":1520,"minecraft:walk_one_cm":218752,"minecraft:drop":16,"minecraft:damage_dealt":5021,"minecraft:swim_one_cm":55863,"minecraft:talked_to_villager":6,"minecraft:fly_one_cm":476226,"minecraft:open_chest":7,"minecraft:play_time":141435,"minecraft:crouch_one_cm":19051,"minecraft:sneak_time":5210,"minecraft:deaths":1,"minecraft:walk_under_water_one_cm":25121,"minecraft:jump":2387,"minecraft:walk_on_water_one_cm":25005,"minecraft:total_world_time":141469,"minecraft:fall_one_cm":71826},"minecraft:broken":{"minecraft:stone_pickaxe":1,"minecraft:stone_shovel":2},"minecraft:used":{"minecraft:water_bucket":35,"minecraft:stone_sword":107,"minecraft:stone_pickaxe":231,"minecraft:stone_shovel":315,"minecraft:chest":2,"minecraft:wooden_pickaxe":4,"minecraft:composter":4,"minecraft:bell":1,"minecraft:stone_hoe":9,"minecraft:rotten_flesh":3,"minecraft:torch":29,"minecraft:mossy_cobblestone":9,"minecraft:dirt":64,"minecraft:crafting_table":8,"minecraft:blast_furnace":2,"minecraft:white_bed":7,"minecraft:bread":33,"minecraft:lectern":4,"minecraft:gravel":68,"minecraft:stone_axe":44,"minecraft:cobblestone":32,"minecraft:furnace":1,"minecraft:cooked_porkchop":2,"minecraft:bucket":36,"minecraft:yellow_bed":4,"minecraft:egg":3},"minecraft:dropped":{"minecraft:bread":64,"minecraft:wheat_seeds":55,"minecraft:mossy_cobblestone":1,"minecraft:wheat":15,"minecraft:chicken":1,"minecraft:granite":1,"minecraft:carrot":43,"minecraft:stick":1,"minecraft:potato":17,"minecraft:wooden_pickaxe":1,"minecraft:dandelion":2},"minecraft:mined":{"minecraft:white_bed":9,"minecraft:mossy_cobblestone":10,"minecraft:crafting_table":6,"minecraft:torch":17,"minecraft:granite":1,"minecraft:short_grass":25,"minecraft:blast_furnace":2,"minecraft:grass_block":68,"minecraft:lectern":4,"minecraft:tall_grass":5,"minecraft:cobblestone":38,"minecraft:cartography_table":1,"minecraft:composter":4,"minecraft:sugar_cane":3,"minecraft:oak_planks":1,"minecraft:wall_torch":5,"minecraft:hay_block":51,"minecraft:carrots":17,"minecraft:iron_ore":47,"minecraft:wheat":27,"minecraft:andesite":10,"minecraft:yellow_bed":5,"minecraft:bell":1,"minecraft:bookshelf":4,"minecraft:potatoes":6,"minecraft:oak_log":11,"minecraft:coal_ore":52,"minecraft:dirt_path":59,"minecraft:oak_stairs":2,"minecraft:gravel":62,"minecraft:dirt":116,"minecraft:stripped_oak_log":16,"minecraft:stone":63,"minecraft:netherrack":1,"minecraft:oak_leaves":3},"minecraft:killed":{"minecraft:pig":5,"minecraft:creeper":2,"minecraft:horse":2,"minecraft:sheep":10,"minecraft:zombie":6,"minecraft:chicken":5,"minecraft:drowned":1,"minecraft:cow":13}},"DataVersion":3955}