{"stats":{"minecraft:used":{"minecraft:iron_shovel":765,"minecraft:spruce_slab":4,"minecraft:poppy":4,"minecraft:oak_sign":3,"minecraft:chest":19,"minecraft:shield":48,"minecraft:iron_sword":250,"minecraft:zombie_spawn_egg":1,"minecraft:bell":1,"minecraft:rotten_flesh":3,"minecraft:iron_chestplate":1,"minecraft:azure_bluet":1,"minecraft:obsidian":84,"minecraft:spruce_boat":20,"minecraft:glass":180,"minecraft:lava_bucket":2,"minecraft:iron_helmet":1,"minecraft:bow":2,"minecraft:sweet_berries":24,"minecraft:furnace":9,"minecraft:egg":4,"minecraft:diamond_boots":2,"minecraft:stone_pickaxe":494,"minecraft:oak_planks":3,"minecraft:wooden_pickaxe":10,"minecraft:composter":4,"minecraft:diamond_axe":1513,"minecraft:sand":5,"minecraft:blast_furnace":2,"minecraft:bread":178,"minecraft:lectern":6,"minecraft:gravel":68,"minecraft:blackstone_slab":8,"minecraft:diamond_sword":98,"minecraft:smithing_table":1,"minecraft:white_stained_glass":194,"minecraft:andesite":1,"minecraft:oak_boat":8,"minecraft:stone_sword":147,"minecraft:flint_and_steel":57,"minecraft:stone_shovel":960,"minecraft:spruce_planks":171,"minecraft:stone_hoe":9,"minecraft:netherrack":538,"minecraft:oak_door":1,"minecraft:torch":313,"minecraft:brewing_stand":1,"minecraft:dirt":905,"minecraft:hopper":2,"minecraft:spruce_fence":4,"minecraft:oak_stairs":2,"minecraft:iron_boots":1,"minecraft:diamond_chestplate":2,"minecraft:basalt":55,"minecraft:golden_carrot":7,"minecraft:minecart":7,"minecraft:cooked_beef":1,"minecraft:cobbled_deepslate":4,"minecraft:iron_leggings":1,"minecraft:cooked_mutton":5,"minecraft:water_bucket":280,"minecraft:cobblestone_stairs":36,"minecraft:cartography_table":1,"minecraft:spruce_sign":11,"minecraft:fletching_table":8,"minecraft:cobblestone_slab":57,"minecraft:mossy_cobblestone":10,"minecraft:rail":158,"minecraft:crafting_table":27,"minecraft:white_bed":19,"minecraft:spruce_log":16,"minecraft:diamond_pickaxe":2270,"minecraft:diamond_shovel":141,"minecraft:iron_pickaxe":370,"minecraft:suspicious_stew":6,"minecraft:spruce_sapling":96,"minecraft:stone_axe":588,"minecraft:cobblestone":464,"minecraft:cooked_porkchop":8,"minecraft:bucket":280,"minecraft:yellow_bed":17,"minecraft:diamond_leggings":1},"minecraft:killed_by":{"minecraft:zombie":1},"minecraft:broken":{"minecraft:iron_shovel":3,"minecraft:stone_pickaxe":3,"minecraft:stone_axe":3,"minecraft:iron_sword":1,"minecraft:stone_shovel":7,"minecraft:stone_sword":1,"minecraft:iron_pickaxe":1},"minecraft:dropped":{"minecraft:crafting_table":2,"minecraft:iron_pickaxe":2,"minecraft:gravel":1,"minecraft:stone_axe":1,"minecraft:cobbled_deepslate":2,"minecraft:wheat":15,"minecraft:rotten_flesh":2,"minecraft:carrot":43,"minecraft:poppy":1,"minecraft:chainmail_boots":24,"minecraft:arrow":1,"minecraft:egg":2,"minecraft:stone_hoe":1,"minecraft:bread":212,"minecraft:wheat_seeds":63,"minecraft:mossy_cobblestone":2,"minecraft:iron_helmet":1,"minecraft:granite":1,"minecraft:stick":1,"minecraft:iron_leggings":1,"minecraft:iron_axe":2,"minecraft:string":1,"minecraft:spruce_sapling":1,"minecraft:dandelion":2,"minecraft:bowl":5,"minecraft:chicken":2,"minecraft:iron_boots":9,"minecraft:potato":17,"minecraft:iron_chestplate":1,"minecraft:andesite":8,"minecraft:bow":1,"minecraft:stone_pickaxe":10,"minecraft:wooden_pickaxe":1},"minecraft:picked_up":{"minecraft:wheat":15,"minecraft:oak_stairs":55,"minecraft:brewing_stand":2,"minecraft:amethyst_block":4,"minecraft:string":11,"minecraft:raw_copper":5,"minecraft:diamond_leggings":5,"minecraft:cobbled_deepslate":66,"minecraft:smooth_stone":8,"minecraft:bucket":1,"minecraft:spruce_planks":457,"minecraft:cobblestone_slab":20,"minecraft:furnace":2,"minecraft:stick":201,"minecraft:composter":7,"minecraft:torch":76,"minecraft:porkchop":12,"minecraft:diorite":11,"minecraft:rotten_flesh":48,"minecraft:obsidian":74,"minecraft:cobblestone":1100,"minecraft:pink_petals":4,"minecraft:magma_block":1,"minecraft:feather":8,"minecraft:water_bucket":4,"minecraft:andesite":20,"minecraft:potato":17,"minecraft:flint":1,"minecraft:light_gray_dye":4,"minecraft:dirt":1392,"minecraft:glass":5,"minecraft:bone":28,"minecraft:stonecutter":2,"minecraft:bow":2,"minecraft:wheat_seeds":84,"minecraft:raw_gold":5,"minecraft:bell":1,"minecraft:fletching_table":5,"minecraft:diamond_helmet":5,"minecraft:oak_planks":69,"minecraft:sand":968,"minecraft:mossy_cobblestone":17,"minecraft:diamond":13,"minecraft:spruce_boat":22,"minecraft:granite":1,"minecraft:bread":135,"minecraft:spruce_sign":4,"minecraft:emerald":103,"minecraft:oak_sapling":1,"minecraft:netherrack":960,"minecraft:bricks":2,"minecraft:diamond_pickaxe":5,"minecraft:crafting_table":20,"minecraft:azure_bluet":2,"minecraft:chicken":2,"minecraft:wooden_pickaxe":1,"minecraft:shield":5,"minecraft:iron_axe":1,"minecraft:white_stained_glass":326,"minecraft:blackstone":27,"minecraft:cartography_table":1,"minecraft:beef":29,"minecraft:oak_boat":7,"minecraft:poppy":9,"minecraft:lectern":6,"minecraft:spruce_slab":22,"minecraft:minecart":6,"minecraft:sugar_cane":29,"minecraft:chest":3,"minecraft:egg":13,"minecraft:raw_iron":248,"minecraft:oak_door":1,"minecraft:copper_ingot":2,"minecraft:bowl":1,"minecraft:spruce_fence":2,"minecraft:white_dye":22,"minecraft:carrot":43,"minecraft:arrow":29,"minecraft:diamond_chestplate":5,"minecraft:diamond_boots":5,"minecraft:hay_block":144,"minecraft:mutton":14,"minecraft:white_wool":10,"minecraft:rail":131,"minecraft:stripped_oak_log":16,"minecraft:basalt":401,"minecraft:glow_ink_sac":10,"minecraft:leather":21,"minecraft:blackstone_slab":4,"minecraft:oak_log":115,"minecraft:yellow_bed":22,"minecraft:cobblestone_stairs":6,"minecraft:kelp":8,"minecraft:iron_ingot":62,"minecraft:stone_pickaxe":1,"minecraft:iron_sword":4,"minecraft:book":12,"minecraft:sweet_berries":51,"minecraft:dandelion":3,"minecraft:gravel":71,"minecraft:spruce_sapling":204,"minecraft:blast_furnace":2,"minecraft:white_bed":20,"minecraft:spruce_log":1654,"minecraft:crying_obsidian":1,"minecraft:spider_eye":3,"minecraft:slime_ball":8,"minecraft:diamond_axe":4,"minecraft:baked_potato":1,"minecraft:coal":219,"minecraft:ender_pearl":2},"minecraft:mined":{"minecraft:spruce_planks":158,"minecraft:white_bed":20,"minecraft:farmland":50,"minecraft:cobblestone_stairs":6,"minecraft:brewing_stand":2,"minecraft:obsidian":76,"minecraft:granite":1,"minecraft:grass_block":393,"minecraft:yellow_carpet":2,"minecraft:composter":7,"minecraft:smooth_stone":8,"minecraft:magma_block":1,"minecraft:iron_ore":208,"minecraft:fire":9,"minecraft:fletching_table":5,"minecraft:azure_bluet":2,"minecraft:dirt_path":466,"minecraft:oak_stairs":55,"minecraft:spruce_slab":4,"minecraft:blackstone":28,"minecraft:torch":30,"minecraft:blast_furnace":2,"minecraft:chest":3,"minecraft:glass":14,"minecraft:cobblestone":358,"minecraft:sugar_cane":11,"minecraft:oak_planks":36,"minecraft:bricks":2,"minecraft:wall_torch":16,"minecraft:wheat":27,"minecraft:oak_log":117,"minecraft:sand":572,"minecraft:dirt":322,"minecraft:stonecutter":2,"minecraft:netherrack":983,"minecraft:oak_leaves":5,"minecraft:deepslate":75,"minecraft:crying_obsidian":1,"minecraft:mossy_cobblestone":16,"minecraft:deepslate_diamond_ore":13,"minecraft:spruce_fence":1,"minecraft:white_stained_glass":15,"minecraft:spruce_leaves":70,"minecraft:kelp":2,"minecraft:cartography_table":1,"minecraft:hay_block":109,"minecraft:spruce_sapling":8,"minecraft:furnace":2,"minecraft:carrots":17,"minecraft:andesite":16,"minecraft:bell":1,"minecraft:bookshelf":4,"minecraft:potatoes":6,"minecraft:deepslate_iron_ore":40,"minecraft:cobblestone_slab":8,"minecraft:rail":127,"minecraft:stripped_oak_log":16,"minecraft:stone":533,"minecraft:podzol":15,"minecraft:glass_pane":3,"minecraft:basalt":404,"minecraft:crafting_table":17,"minecraft:short_grass":100,"minecraft:blackstone_slab":4,"minecraft:lectern":6,"minecraft:tall_grass":18,"minecraft:copper_ore":2,"minecraft:deepslate_gold_ore":5,"minecraft:diorite":13,"minecraft:sweet_berry_bush":19,"minecraft:spruce_log":1647,"minecraft:yellow_bed":21,"minecraft:coal_ore":189,"minecraft:cherry_leaves":1,"minecraft:gravel":66},"minecraft:killed":{"minecraft:spider":9,"minecraft:skeleton":22,"minecraft:chicken":6,"minecraft:magma_cube":1,"minecraft:piglin":2,"minecraft:pig":5,"minecraft:iron_golem":7,"minecraft:creeper":3,"minecraft:sheep":10,"minecraft:zombie":36,"minecraft:glow_squid":4,"minecraft:cow":13,"minecraft:slime":13,"minecraft:horse":2,"minecraft:drowned":1,"minecraft:villager":3,"minecraft:enderman":6},"minecraft:custom":{"minecraft:interact_with_crafting_table":146,"minecraft:leave_game":25,"minecraft:time_since_death":174845,"minecraft:sprint_one_cm":2055708,"minecraft:damage_blocked_by_shield":1008,"minecraft:drop":107,"minecraft:talked_to_villager":146,"minecraft:play_time":815736,"minecraft:deaths":8,"minecraft:jump":13496,"minecraft:walk_on_water_one_cm":177460,"minecraft:interact_with_furnace":150,"minecraft:traded_with_villager":515,"minecraft:interact_with_cartography_table":1,"minecraft:sleep_in_bed":42,"minecraft:damage_dealt":26669,"minecraft:crouch_one_cm":120277,"minecraft:interact_with_smithing_table":1,"minecraft:mob_kills":146,"minecraft:walk_one_cm":1690968,"minecraft:sneak_time":37100,"minecraft:walk_under_water_one_cm":143691,"minecraft:boat_one_cm":262234,"minecraft:total_world_time":815770,"minecraft:time_since_rest":2648,"minecraft:damage_taken":10177,"minecraft:swim_one_cm":261732,"minecraft:fly_one_cm":2403718,"minecraft:open_chest":328,"minecraft:fall_one_cm":387851},"minecraft:crafted":{"minecraft:oak_planks":304,"minecraft:cobblestone_slab":48,"minecraft:oak_sign":3,"minecraft:cobblestone_stairs":36,"minecraft:diamond_shovel":1,"minecraft:cooked_mutton":13,"minecraft:suspicious_stew":7,"minecraft:glass":567,"minecraft:hopper":2,"minecraft:diamond_helmet":1,"minecraft:bow":1,"minecraft:diamond_leggings":1,"minecraft:iron_boots":11,"minecraft:polished_basalt":8,"minecraft:chest":18,"minecraft:rail":24,"minecraft:stone_hoe":1,"minecraft:oak_slab":6,"minecraft:emerald":450,"minecraft:arrow":4,"minecraft:cooked_porkchop":10,"minecraft:diamond_axe":2,"minecraft:crafting_table":12,"minecraft:spruce_planks":6104,"minecraft:wooden_pickaxe":2,"minecraft:iron_helmet":3,"minecraft:smithing_table":1,"minecraft:fletching_table":3,"minecraft:apple":64,"minecraft:iron_chestplate":2,"minecraft:diamond_pickaxe":1,"minecraft:emerald_block":5,"minecraft:shield":1,"minecraft:stick":11805,"minecraft:iron_ingot":231,"minecraft:iron_pickaxe":3,"minecraft:stone_sword":2,"minecraft:light_gray_dye":1,"minecraft:golden_carrot":42,"minecraft:oak_door":3,"minecraft:stone_shovel":8,"minecraft:furnace":7,"minecraft:bone_meal":36,"minecraft:spruce_fence":3,"minecraft:flint_and_steel":1,"minecraft:iron_axe":1,"minecraft:spruce_slab":6,"minecraft:stone_pickaxe":14,"minecraft:diamond_boots":1,"minecraft:spruce_boat":6,"minecraft:minecart":1,"minecraft:wheat":963,"minecraft:cooked_beef":29,"minecraft:diamond_sword":1,"minecraft:spruce_sign":12,"minecraft:iron_sword":1,"minecraft:bucket":6,"minecraft:stone_axe":5,"minecraft:white_stained_glass":288,"minecraft:bread":381,"minecraft:air":0,"minecraft:oak_boat":3,"minecraft:white_dye":36,"minecraft:chainmail_boots":24,"minecraft:iron_shovel":3,"minecraft:iron_leggings":2,"minecraft:pumpkin_pie":48,"minecraft:torch":264,"minecraft:blackstone_slab":6,"minecraft:diamond_chestplate":1}},"DataVersion":3955}