{"stats":{"minecraft:killed":{"minecraft:spider":8,"minecraft:skeleton":20,"minecraft:horse":2,"minecraft:chicken":5,"minecraft:drowned":1,"minecraft:pig":5,"minecraft:iron_golem":2,"minecraft:creeper":3,"minecraft:sheep":10,"minecraft:zombie":35,"minecraft:glow_squid":4,"minecraft:villager":1,"minecraft:enderman":5,"minecraft:cow":13},"minecraft:custom":{"minecraft:mob_kills":117,"minecraft:interact_with_crafting_table":125,"minecraft:leave_game":22,"minecraft:time_since_death":3704,"minecraft:sprint_one_cm":1758167,"minecraft:walk_one_cm":1303909,"minecraft:damage_blocked_by_shield":873,"minecraft:drop":89,"minecraft:talked_to_villager":132,"minecraft:play_time":631597,"minecraft:sneak_time":28049,"minecraft:deaths":7,"minecraft:walk_under_water_one_cm":95834,"minecraft:boat_one_cm":188598,"minecraft:jump":11167,"minecraft:walk_on_water_one_cm":134368,"minecraft:total_world_time":631631,"minecraft:interact_with_furnace":123,"minecraft:traded_with_villager":455,"minecraft:interact_with_cartography_table":1,"minecraft:sleep_in_bed":35,"minecraft:time_since_rest":3728,"minecraft:damage_taken":8242,"minecraft:damage_dealt":19911,"minecraft:swim_one_cm":177904,"minecraft:fly_one_cm":1945984,"minecraft:open_chest":240,"minecraft:crouch_one_cm":85111,"minecraft:fall_one_cm":327313},"minecraft:broken":{"minecraft:iron_shovel":3,"minecraft:stone_sword":1,"minecraft:stone_pickaxe":3,"minecraft:stone_axe":3,"minecraft:iron_pickaxe":1,"minecraft:stone_shovel":7},"minecraft:mined":{"minecraft:spruce_planks":158,"minecraft:white_bed":17,"minecraft:farmland":50,"minecraft:mossy_cobblestone":16,"minecraft:deepslate_diamond_ore":7,"minecraft:cobblestone_stairs":6,"minecraft:brewing_stand":2,"minecraft:granite":1,"minecraft:spruce_fence":1,"minecraft:grass_block":385,"minecraft:yellow_carpet":2,"minecraft:white_stained_glass":10,"minecraft:spruce_leaves":70,"minecraft:composter":7,"minecraft:cartography_table":1,"minecraft:hay_block":109,"minecraft:smooth_stone":8,"minecraft:spruce_sapling":8,"minecraft:furnace":2,"minecraft:carrots":17,"minecraft:iron_ore":208,"minecraft:fire":6,"minecraft:andesite":16,"minecraft:fletching_table":5,"minecraft:azure_bluet":2,"minecraft:cobblestone_slab":6,"minecraft:bell":1,"minecraft:bookshelf":4,"minecraft:potatoes":6,"minecraft:dirt_path":338,"minecraft:deepslate_iron_ore":40,"minecraft:rail":119,"minecraft:oak_stairs":53,"minecraft:stripped_oak_log":16,"minecraft:stone":494,"minecraft:spruce_slab":4,"minecraft:podzol":15,"minecraft:glass_pane":3,"minecraft:crafting_table":14,"minecraft:torch":30,"minecraft:short_grass":91,"minecraft:blast_furnace":2,"minecraft:glass":12,"minecraft:lectern":6,"minecraft:copper_ore":2,"minecraft:tall_grass":17,"minecraft:cobblestone":297,"minecraft:oak_planks":32,"minecraft:sugar_cane":11,"minecraft:deepslate_gold_ore":5,"minecraft:bricks":2,"minecraft:diorite":13,"minecraft:wall_torch":16,"minecraft:sweet_berry_bush":19,"minecraft:wheat":27,"minecraft:spruce_log":1646,"minecraft:yellow_bed":20,"minecraft:coal_ore":189,"minecraft:oak_log":113,"minecraft:gravel":66,"minecraft:dirt":313,"minecraft:cherry_leaves":1,"minecraft:sand":572,"minecraft:stonecutter":2,"minecraft:netherrack":1,"minecraft:deepslate":67,"minecraft:oak_leaves":5},"minecraft:crafted":{"minecraft:oak_planks":252,"minecraft:cobblestone_slab":36,"minecraft:stone_shovel":8,"minecraft:furnace":7,"minecraft:bone_meal":36,"minecraft:spruce_fence":3,"minecraft:cooked_mutton":13,"minecraft:glass":300,"minecraft:diamond_helmet":1,"minecraft:diamond_leggings":1,"minecraft:bow":1,"minecraft:iron_boots":11,"minecraft:iron_axe":1,"minecraft:spruce_slab":6,"minecraft:stone_pickaxe":14,"minecraft:chest":12,"minecraft:diamond_boots":1,"minecraft:spruce_boat":6,"minecraft:rail":24,"minecraft:stone_hoe":1,"minecraft:minecart":1,"minecraft:wheat":963,"minecraft:cooked_beef":29,"minecraft:emerald":450,"minecraft:arrow":4,"minecraft:spruce_sign":9,"minecraft:cooked_porkchop":10,"minecraft:diamond_axe":1,"minecraft:crafting_table":10,"minecraft:spruce_planks":6100,"minecraft:wooden_pickaxe":2,"minecraft:iron_helmet":3,"minecraft:iron_sword":1,"minecraft:smithing_table":1,"minecraft:fletching_table":3,"minecraft:bucket":2,"minecraft:stone_axe":5,"minecraft:white_stained_glass":288,"minecraft:bread":321,"minecraft:air":0,"minecraft:oak_boat":2,"minecraft:iron_chestplate":2,"minecraft:diamond_pickaxe":1,"minecraft:emerald_block":5,"minecraft:shield":1,"minecraft:white_dye":36,"minecraft:stick":11805,"minecraft:iron_ingot":231,"minecraft:chainmail_boots":24,"minecraft:iron_pickaxe":3,"minecraft:stone_sword":2,"minecraft:iron_shovel":3,"minecraft:iron_leggings":2,"minecraft:light_gray_dye":1,"minecraft:torch":264,"minecraft:diamond_chestplate":1},"minecraft:picked_up":{"minecraft:crafting_table":16,"minecraft:wheat":15,"minecraft:azure_bluet":2,"minecraft:chicken":1,"minecraft:wooden_pickaxe":1,"minecraft:oak_stairs":53,"minecraft:brewing_stand":2,"minecraft:shield":4,"minecraft:amethyst_block":4,"minecraft:string":10,"minecraft:raw_copper":5,"minecraft:iron_axe":1,"minecraft:white_stained_glass":232,"minecraft:diamond_leggings":4,"minecraft:cartography_table":1,"minecraft:smooth_stone":8,"minecraft:cobbled_deepslate":57,"minecraft:spruce_planks":420,"minecraft:beef":29,"minecraft:cobblestone_slab":13,"minecraft:oak_boat":5,"minecraft:spruce_slab":16,"minecraft:poppy":6,"minecraft:minecart":5,"minecraft:lectern":6,"minecraft:sugar_cane":29,"minecraft:furnace":2,"minecraft:egg":11,"minecraft:stick":187,"minecraft:raw_iron":248,"minecraft:oak_door":1,"minecraft:composter":7,"minecraft:copper_ingot":2,"minecraft:torch":72,"minecraft:spruce_fence":2,"minecraft:porkchop":12,"minecraft:white_dye":22,"minecraft:diorite":11,"minecraft:carrot":43,"minecraft:arrow":28,"minecraft:rotten_flesh":45,"minecraft:diamond_chestplate":4,"minecraft:diamond_boots":4,"minecraft:hay_block":144,"minecraft:mutton":14,"minecraft:rail":122,"minecraft:white_wool":10,"minecraft:cobblestone":966,"minecraft:stripped_oak_log":16,"minecraft:pink_petals":4,"minecraft:feather":8,"minecraft:glow_ink_sac":10,"minecraft:water_bucket":4,"minecraft:andesite":20,"minecraft:leather":21,"minecraft:potato":17,"minecraft:flint":1,"minecraft:light_gray_dye":3,"minecraft:oak_log":112,"minecraft:yellow_bed":20,"minecraft:cobblestone_stairs":6,"minecraft:dirt":1233,"minecraft:glass":5,"minecraft:bone":26,"minecraft:kelp":6,"minecraft:bow":2,"minecraft:stonecutter":2,"minecraft:wheat_seeds":82,"minecraft:raw_gold":5,"minecraft:bell":1,"minecraft:iron_ingot":7,"minecraft:stone_pickaxe":1,"minecraft:fletching_table":5,"minecraft:diamond_helmet":4,"minecraft:iron_sword":4,"minecraft:oak_planks":65,"minecraft:book":12,"minecraft:sweet_berries":51,"minecraft:dandelion":3,"minecraft:gravel":71,"minecraft:sand":869,"minecraft:spruce_sapling":204,"minecraft:blast_furnace":2,"minecraft:white_bed":17,"minecraft:spruce_log":1653,"minecraft:spider_eye":3,"minecraft:mossy_cobblestone":17,"minecraft:slime_ball":1,"minecraft:diamond":7,"minecraft:spruce_boat":21,"minecraft:granite":1,"minecraft:diamond_axe":4,"minecraft:spruce_sign":3,"minecraft:bread":119,"minecraft:emerald":103,"minecraft:baked_potato":1,"minecraft:oak_sapling":1,"minecraft:bricks":2,"minecraft:coal":219,"minecraft:ender_pearl":1,"minecraft:diamond_pickaxe":4},"minecraft:dropped":{"minecraft:stone_hoe":1,"minecraft:bread":160,"minecraft:wheat_seeds":62,"minecraft:mossy_cobblestone":2,"minecraft:crafting_table":2,"minecraft:iron_helmet":1,"minecraft:granite":1,"minecraft:stick":1,"minecraft:iron_leggings":1,"minecraft:iron_axe":2,"minecraft:iron_pickaxe":2,"minecraft:spruce_sapling":1,"minecraft:dandelion":2,"minecraft:gravel":1,"minecraft:stone_axe":1,"minecraft:wheat":15,"minecraft:chicken":1,"minecraft:iron_boots":9,"minecraft:carrot":43,"minecraft:potato":17,"minecraft:iron_chestplate":1,"minecraft:andesite":8,"minecraft:chainmail_boots":24,"minecraft:bow":1,"minecraft:stone_pickaxe":10,"minecraft:wooden_pickaxe":1},"minecraft:used":{"minecraft:stone_sword":147,"minecraft:iron_shovel":765,"minecraft:flint_and_steel":6,"minecraft:spruce_slab":4,"minecraft:stone_shovel":960,"minecraft:poppy":4,"minecraft:chest":12,"minecraft:spruce_planks":171,"minecraft:shield":32,"minecraft:iron_sword":249,"minecraft:bell":1,"minecraft:rotten_flesh":3,"minecraft:stone_hoe":9,"minecraft:iron_chestplate":1,"minecraft:torch":313,"minecraft:brewing_stand":1,"minecraft:dirt":747,"minecraft:spruce_fence":3,"minecraft:azure_bluet":1,"minecraft:glass":12,"minecraft:spruce_boat":17,"minecraft:iron_helmet":1,"minecraft:iron_boots":1,"minecraft:diamond_chestplate":1,"minecraft:bow":2,"minecraft:sweet_berries":24,"minecraft:furnace":9,"minecraft:minecart":5,"minecraft:egg":4,"minecraft:cooked_beef":1,"minecraft:iron_leggings":1,"minecraft:cooked_mutton":5,"minecraft:water_bucket":205,"minecraft:diamond_boots":1,"minecraft:stone_pickaxe":494,"minecraft:oak_planks":3,"minecraft:cartography_table":1,"minecraft:wooden_pickaxe":10,"minecraft:cobblestone_slab":35,"minecraft:composter":4,"minecraft:spruce_sign":8,"minecraft:diamond_axe":1490,"minecraft:fletching_table":8,"minecraft:mossy_cobblestone":10,"minecraft:sand":5,"minecraft:rail":121,"minecraft:crafting_table":22,"minecraft:blast_furnace":2,"minecraft:white_bed":17,"minecraft:spruce_log":16,"minecraft:diamond_pickaxe":648,"minecraft:iron_pickaxe":370,"minecraft:bread":153,"minecraft:lectern":6,"minecraft:gravel":68,"minecraft:spruce_sapling":96,"minecraft:stone_axe":588,"minecraft:cobblestone":455,"minecraft:cooked_porkchop":8,"minecraft:white_stained_glass":172,"minecraft:smithing_table":1,"minecraft:andesite":1,"minecraft:bucket":205,"minecraft:oak_boat":5,"minecraft:yellow_bed":15,"minecraft:diamond_leggings":1}},"DataVersion":3955}